ip,status,note
185.39.208.69,unknown,no_ocsp_url
192.0.66.69,unknown,no_ocsp_url
185.12.152.144,good,good
54.159.189.155,good,good
178.248.234.104,good,good
31.193.186.247,unknown,no_ocsp_url
76.223.34.124,good,good
89.186.92.211,good,good
37.48.253.222,good,good
156.154.121.71,good,good
52.206.136.3,unknown,no_ocsp_url
74.6.143.26,good,good
19.12.97.37,good,good
75.2.76.225,good,good
5.188.83.102,unknown,no_ocsp_url
54.153.56.183,unknown,no_ocsp_url
13.248.238.180,good,good
3.33.134.116,good,good
64.99.80.28,unknown,no_ocsp_url
3.7.241.105,good,good
192.147.130.204,good,good
23.195.110.113,good,good
190.92.221.14,good,good
23.217.177.33,good,good
54.82.10.12,good,good
213.180.204.242,good,good
176.114.120.24,good,good
210.140.64.86,unknown,no_ocsp_url
192.124.249.80,good,good
185.88.181.6,good,good
23.222.196.30,good,good
192.0.77.40,good,good
34.120.225.113,good,good
34.90.220.148,unknown,no_ocsp_url
54.68.22.26,good,good
23.195.108.195,good,good
15.197.146.213,good,good
151.101.129.184,good,good
54.202.198.125,unknown,no_ocsp_url
34.149.236.87,good,good
13.89.188.82,good,good
52.212.180.87,good,good
107.20.176.212,good,good
192.0.66.24,unknown,no_ocsp_url
104.17.111.223,good,good
199.16.172.9,unknown,no_ocsp_url
185.26.115.38,unknown,cmd_output_unknown
52.200.46.40,good,good
147.67.34.45,good,good
34.149.146.46,good,good
185.88.181.56,good,good
185.88.181.58,good,good
195.242.83.13,good,good
13.248.150.189,good,good
13.214.238.55,good,good
143.166.30.172,good,good
99.83.137.54,good,good
192.0.43.8,good,good
219.76.10.208,good,good
185.207.236.137,unknown,no_ocsp_url
13.248.130.246,good,good
212.27.48.10,good,good
106.11.43.107,good,good
129.176.1.88,good,good
45.144.150.96,unknown,no_ocsp_url
34.36.102.187,good,good
13.107.138.10,good,good
101.33.27.53,good,good
159.127.40.136,good,good
192.0.66.226,unknown,no_ocsp_url
216.198.79.195,unknown,no_ocsp_url
20.203.8.77,good,good
23.195.108.112,good,good
52.74.6.109,good,good
35.186.248.227,good,good
162.159.129.53,unknown,no_ocsp_url
46.243.143.249,good,good
99.83.221.176,good,good
185.6.76.42,good,good
54.225.65.133,good,good
18.210.141.171,good,good
50.17.152.14,good,good
46.28.234.143,unknown,no_ocsp_url
3.114.153.73,good,good
54.95.87.102,good,good
52.202.204.11,good,good
95.163.61.43,good,good
3.253.181.192,good,good
160.17.8.24,good,good
210.115.155.100,good,good
78.194.169.74,unknown,no_issuer_url
34.147.120.111,good,good
162.159.128.235,good,good
128.197.236.4,good,good
128.116.50.3,good,good
100.25.136.152,good,good
99.83.155.228,good,good
100.20.214.93,good,good
82.165.229.138,good,good
34.120.195.169,good,good
167.187.200.23,good,good
23.50.93.217,good,good
156.238.128.31,good,good
75.2.38.108,good,good
3.17.251.189,good,good
104.18.185.80,good,good
23.22.10.20,unknown,cmd_output_unknown
162.159.138.60,good,good
91.107.70.180,good,good
47.246.173.237,good,good
94.139.253.29,unknown,no_ocsp_url
98.87.171.164,good,good
99.83.133.180,good,good
52.210.16.150,good,good
147.136.186.197,unknown,no_ocsp_url
18.200.1.103,good,good
20.238.3.66,unknown,cmd_output_unknown
74.112.186.157,good,good
34.169.83.167,good,good
52.45.20.31,good,good
23.49.104.40,good,good
47.74.244.18,good,good
199.83.128.215,good,good
199.15.163.133,unknown,no_ocsp_url
13.113.196.52,good,good
216.119.218.99,good,good
216.218.236.2,good,good
148.222.71.12,unknown,no_ocsp_url
199.48.210.151,good,good
52.36.224.135,good,good
170.114.52.2,good,good
52.6.127.76,good,good
47.103.24.173,good,good
54.153.42.189,good,good
161.221.74.213,good,good
208.94.3.19,good,good
185.191.197.183,unknown,no_ocsp_url
34.204.55.14,unknown,no_ocsp_url
209.202.252.105,unknown,no_ocsp_url
23.75.213.15,good,good
104.111.201.109,good,good
52.39.206.44,good,good
85.153.138.111,good,good
183.84.7.241,good,good
3.33.167.235,good,good
47.246.137.105,good,good
205.254.131.65,good,good
104.16.180.118,good,good
34.160.122.192,good,good
3.218.0.127,good,good
103.107.217.18,good,good
20.119.0.28,good,good
199.232.208.194,good,good
104.16.141.114,unknown,cmd_output_unknown
69.10.42.201,good,good
23.111.99.17,good,good
185.71.67.21,unknown,no_ocsp_url
44.215.128.228,good,good
157.150.185.49,good,good
190.115.16.11,unknown,no_ocsp_url
34.201.157.226,good,good
213.13.145.114,good,good
81.12.52.70,unknown,no_ocsp_url
207.154.193.140,good,good
43.153.249.87,good,good
110.75.130.45,good,good
54.158.24.240,good,good
36.51.224.123,good,good
104.17.242.234,good,good
167.235.113.13,unknown,no_ocsp_url
104.16.239.191,good,good
104.17.29.26,good,good
106.15.148.44,good,good
34.194.97.138,good,good
192.0.66.5,unknown,no_ocsp_url
188.92.44.101,unknown,no_ocsp_url
82.165.229.87,good,good
156.238.128.7,good,good
35.75.213.146,good,good
3.21.59.210,good,good
151.101.66.133,good,good
34.198.86.45,unknown,no_ocsp_url
103.107.217.26,good,good
13.64.115.186,good,good
3.235.245.94,good,good
77.75.79.222,unknown,no_ocsp_url
192.0.66.108,unknown,no_ocsp_url
35.80.202.17,good,good
34.160.41.36,good,good
3.227.192.229,good,good
23.227.38.33,unknown,no_ocsp_url
144.92.9.70,good,good
193.200.227.13,unknown,no_ocsp_url
3.75.56.200,good,good
104.16.133.229,good,good
34.235.58.165,good,good
59.82.44.54,good,good
216.198.79.1,unknown,no_ocsp_url
194.190.139.47,good,good
192.0.66.51,unknown,no_ocsp_url
185.65.149.70,unknown,no_ocsp_url
52.18.94.5,good,good
63.97.118.67,good,good
84.252.149.206,good,good
194.67.72.31,unknown,no_ocsp_url
103.74.122.75,good,good
54.203.107.5,good,good
204.68.196.12,good,good
98.82.76.6,good,good
50.16.115.28,good,good
13.107.6.156,good,good
3.33.225.131,good,good
138.1.125.45,good,good
20.105.75.30,good,good
57.181.221.172,good,good
54.167.109.44,good,good
104.16.95.115,good,good
185.134.201.5,good,good
188.92.44.100,unknown,no_ocsp_url
88.212.218.1,unknown,no_ocsp_url
104.17.46.5,unknown,no_ocsp_url
23.222.130.60,good,good
80.158.66.24,unknown,no_ocsp_url
172.66.131.196,good,good
190.115.31.243,unknown,no_ocsp_url
104.16.23.8,unknown,no_ocsp_url
176.34.187.149,good,good
184.85.112.183,good,good
184.87.100.7,good,good
15.197.207.92,good,good
104.17.109.19,good,good
104.111.200.155,good,good
52.223.0.196,good,good
151.101.129.91,good,good
208.75.122.14,good,good
45.60.63.246,good,good
198.185.159.176,good,good
3.254.236.66,good,good
99.83.171.12,good,good
52.0.109.214,good,good
144.160.155.43,good,good
128.65.210.8,good,good
202.108.14.125,good,good
34.229.3.43,good,good
5.134.213.80,good,good
34.111.180.20,good,good
44.225.146.119,good,good
94.182.88.6,good,good
104.18.121.34,good,good
87.250.255.11,good,good
34.102.163.158,good,good
104.19.239.156,unknown,no_ocsp_url
20.204.244.192,good,good
164.90.117.65,unknown,no_ocsp_url
13.158.189.154,good,good
79.170.100.42,unknown,no_ocsp_url
44.197.58.230,good,good
47.107.163.76,good,good
199.27.116.69,good,good
104.16.69.113,good,good
15.160.187.56,good,good
5.255.255.77,good,good
217.12.104.100,good,good
13.248.219.127,good,good
15.197.238.104,unknown,cmd_output_unknown
159.203.89.129,unknown,no_ocsp_url
194.0.219.107,unknown,cmd_output_unknown
45.144.150.31,unknown,no_ocsp_url
52.35.190.21,unknown,no_ocsp_url
198.27.92.1,unknown,cmd_output_unknown
23.50.186.25,good,good
194.1.214.65,good,good
23.195.109.127,good,good
87.98.168.164,good,good
89.169.154.87,good,good
3.209.242.11,good,good
213.227.146.163,good,good
85.10.215.232,good,good
15.197.170.90,good,good
144.160.36.42,good,good
47.75.155.102,good,good
23.202.130.149,good,good
23.206.203.82,good,good
100.29.97.106,unknown,no_ocsp_url
124.251.100.193,good,good
34.107.106.80,good,good
192.67.198.33,good,good
162.159.136.232,good,good
192.0.66.96,unknown,no_ocsp_url
23.22.13.113,unknown,no_ocsp_url
74.82.72.235,good,good
13.213.94.237,good,good
176.58.48.48,unknown,no_ocsp_url
178.248.233.148,good,good
134.84.223.68,good,good
185.240.30.88,unknown,no_ocsp_url
37.228.114.228,good,good
104.193.121.6,unknown,no_ocsp_url
23.7.215.155,good,good
104.18.67.220,good,good
189.126.100.6,good,good
223.130.192.248,good,good
35.71.185.87,good,good
162.93.229.103,good,good
195.210.46.155,good,good
170.248.56.19,good,good
13.248.158.7,good,good
3.218.219.155,good,good
160.17.3.13,good,good
52.213.239.135,good,good
220.181.158.191,good,good
37.187.205.99,unknown,no_ocsp_url
54.186.179.192,good,good
104.17.135.117,good,good
124.251.34.141,good,good
52.96.229.242,good,good
34.253.51.241,good,good
56.0.134.100,good,good
103.170.104.132,good,good
35.186.224.24,good,good
151.101.130.137,good,good
151.101.2.49,good,good
146.148.100.16,good,good
13.107.213.52,good,good
162.159.138.64,good,good
147.92.184.22,good,good
184.84.172.226,good,good
104.18.90.237,good,good
148.113.211.73,unknown,no_ocsp_url
49.7.118.241,good,good
103.107.217.28,good,good
213.189.223.5,unknown,no_ocsp_url
202.226.36.238,unknown,cmd_output_unknown
23.222.130.22,good,good
104.19.229.21,good,good
161.117.97.92,good,good
151.101.0.155,good,good
52.6.8.53,good,good
163.70.158.174,unknown,cmd_output_unknown
122.14.229.102,good,good
82.156.59.186,good,good
91.206.127.56,unknown,no_ocsp_url
192.0.66.220,unknown,no_ocsp_url
69.171.29.32,good,good
140.143.177.206,good,good
199.36.158.100,good,good
34.211.108.46,good,good
195.128.50.222,good,good
137.75.88.7,unknown,no_ocsp_url
104.16.228.229,good,good
35.190.63.169,unknown,no_ocsp_url
46.166.189.210,unknown,no_ocsp_url
162.159.134.42,good,good
52.7.111.176,good,good
91.239.5.95,unknown,cmd_output_unknown
144.82.250.24,good,good
156.146.56.163,unknown,cmd_output_unknown
217.74.24.159,good,good
103.6.182.20,good,good
47.236.4.247,good,good
184.87.96.88,good,good
209.196.203.234,good,good
48.211.234.142,good,good
192.0.66.182,unknown,no_ocsp_url
104.16.208.203,good,good
47.110.142.43,good,good
34.246.241.220,unknown,no_ocsp_url
91.206.127.236,good,good
213.174.152.197,good,good
104.16.192.82,unknown,no_ocsp_url
94.102.49.153,good,good
23.56.24.207,good,good
162.23.130.190,good,good
104.18.138.67,good,good
13.213.152.176,good,good
34.218.62.116,good,good
153.2.224.130,good,good
104.16.194.247,good,good
99.80.192.16,good,good
46.174.147.27,good,good
43.202.69.18,good,good
64.38.119.43,good,good
23.195.110.65,good,good
34.160.228.132,unknown,cmd_output_unknown
217.196.149.50,unknown,no_ocsp_url
151.101.65.188,good,good
199.250.205.41,good,good
110.76.8.255,good,good
104.16.24.14,good,good
20.236.44.162,good,good
122.14.236.45,good,good
76.223.18.25,good,good
198.143.164.252,unknown,no_ocsp_url
151.101.128.144,good,good
3.97.100.16,good,good
178.248.236.77,unknown,no_ocsp_url
151.101.122.137,good,good
151.101.64.223,good,good
99.80.146.150,good,good
50.19.255.16,good,good
104.18.85.112,unknown,no_ocsp_url
39.107.241.57,good,good
88.80.22.74,good,good
47.52.228.126,good,good
151.101.193.188,good,good
130.211.9.172,good,good
162.159.134.61,good,good
76.76.21.21,unknown,no_ocsp_url
176.114.122.6,good,good
185.240.30.90,unknown,no_ocsp_url
44.215.128.96,good,good
140.180.223.22,good,good
23.215.0.132,good,good
35.246.185.66,unknown,no_ocsp_url
162.159.135.233,good,good
162.159.138.86,unknown,cmd_output_unknown
184.30.15.191,good,good
52.208.235.174,good,good
13.35.217.12,good,good
3.211.42.159,good,good
104.254.151.60,good,good
91.215.41.4,unknown,no_ocsp_url
13.8.148.11,good,good
212.42.73.103,good,good
34.117.59.81,unknown,no_ocsp_url
156.106.253.250,unknown,no_ocsp_url
121.37.150.245,good,good
23.219.72.99,good,good
75.2.43.168,good,good
132.148.77.44,unknown,no_ocsp_url
110.45.151.151,good,good
185.188.104.10,unknown,no_ocsp_url
104.16.185.241,good,good
151.101.2.167,good,good
160.202.130.29,unknown,no_ocsp_url
23.77.12.42,good,good
162.159.140.167,good,good
202.63.37.137,unknown,no_ocsp_url
104.16.143.237,good,good
151.101.130.114,good,good
130.214.229.163,good,good
34.202.35.255,good,good
185.65.149.115,good,good
13.107.246.73,good,good
155.46.172.255,good,good
185.73.193.68,good,good
54.229.80.59,good,good
162.159.130.67,good,good
104.19.239.228,good,good
160.17.98.198,good,good
34.160.111.145,unknown,no_ocsp_url
148.139.192.125,good,good
84.17.37.217,unknown,cmd_output_unknown
35.71.161.26,good,good
107.154.105.101,good,good
104.16.208.90,unknown,no_ocsp_url
77.88.55.88,good,good
104.18.144.9,good,good
151.236.80.22,unknown,no_ocsp_url
35.71.162.15,good,good
104.18.161.220,good,good
95.163.248.102,good,good
150.171.27.10,good,good
151.101.1.6,good,good
5.154.240.65,good,good
122.14.229.129,good,good
121.125.60.151,good,good
208.74.121.151,good,good
75.2.108.245,good,good
217.69.139.70,good,good
194.226.41.15,unknown,no_ocsp_url
89.108.126.18,unknown,no_ocsp_url
88.198.177.100,unknown,no_ocsp_url
91.213.144.237,good,good
89.44.8.138,unknown,no_ocsp_url
104.18.86.42,good,good
148.251.96.211,good,good
76.223.84.192,good,good
34.217.235.21,good,good
212.58.42.47,unknown,no_ocsp_url
36.51.254.91,unknown,cmd_output_unknown
23.206.203.73,good,good
104.16.44.99,good,good
44.219.5.229,good,good
81.163.16.10,unknown,no_ocsp_url
81.52.142.219,good,good
151.101.66.217,good,good
104.16.92.42,good,good
44.210.41.33,unknown,no_ocsp_url
13.235.188.244,good,good
203.119.175.226,good,good
76.223.14.31,good,good
151.101.192.144,good,good
37.59.204.163,unknown,no_ocsp_url
13.213.183.49,good,good
34.96.84.62,unknown,no_ocsp_url
50.112.202.115,good,good
140.205.174.2,good,good
193.164.229.51,good,good
87.236.177.67,unknown,cmd_output_unknown
192.0.66.177,unknown,no_ocsp_url
80.237.186.220,unknown,no_ocsp_url
23.46.196.177,good,good
77.88.21.90,good,good
193.46.63.50,good,good
104.16.25.46,good,good
104.16.51.78,good,good
34.120.97.237,good,good
104.18.208.112,good,good
23.195.110.117,good,good
34.107.151.202,good,good
35.189.126.202,unknown,no_ocsp_url
156.59.238.20,good,good
91.221.164.66,good,good
104.18.243.99,unknown,no_ocsp_url
217.26.48.170,good,good
213.59.253.7,good,good
3.233.158.24,good,good
34.128.128.0,unknown,no_ocsp_url
212.41.1.97,good,good
23.203.20.133,good,good
20.241.228.144,good,good
46.229.172.79,good,good
104.16.93.52,good,good
128.208.60.208,good,good
3.33.186.135,good,good
34.215.204.40,good,good
69.58.187.40,good,good
18.208.237.48,unknown,cmd_output_unknown
128.253.173.246,good,good
162.19.138.82,unknown,no_ocsp_url
217.20.155.82,good,good
66.203.124.30,good,good
3.33.182.45,good,good
34.202.243.187,good,good
104.19.154.92,good,good
185.207.236.79,unknown,no_ocsp_url
34.252.95.0,good,good
104.16.218.109,good,good
172.66.40.47,good,good
94.124.200.0,unknown,no_ocsp_url
220.181.7.203,good,good
104.16.102.112,good,good
34.196.33.202,good,good
13.158.166.228,good,good
104.18.222.226,good,good
64.58.116.142,unknown,no_ocsp_url
152.1.28.6,good,good
199.232.198.114,good,good
34.210.127.52,good,good
44.235.26.24,good,good
104.16.41.51,good,good
103.195.218.37,good,good
13.91.95.74,good,good
23.203.21.10,good,good
99.83.219.164,good,good
195.161.41.61,unknown,no_ocsp_url
198.47.23.159,good,good
3.215.148.80,good,good
190.113.72.169,good,good
31.222.75.113,unknown,no_ocsp_url
188.92.44.99,unknown,no_ocsp_url
23.7.212.175,good,good
34.117.157.87,good,good
205.234.134.162,unknown,no_ocsp_url
212.77.98.9,good,good
170.170.229.100,good,good
151.101.192.152,good,good
157.191.4.253,good,good
185.207.236.86,unknown,no_ocsp_url
199.116.164.229,good,good
193.99.144.80,unknown,no_ocsp_url
88.208.31.1,good,good
199.232.194.154,unknown,cmd_output_unknown
34.36.139.131,good,good
54.251.229.102,unknown,no_ocsp_url
104.16.224.31,good,good
107.178.254.65,good,good
160.111.244.22,good,good
52.200.46.145,unknown,no_ocsp_url
52.83.70.25,good,good
45.60.151.180,good,good
44.237.37.40,good,good
162.159.133.82,unknown,no_ocsp_url
99.83.249.53,good,good
23.77.30.247,unknown,cmd_output_unknown
158.247.7.199,good,good
199.232.197.91,good,good
52.193.247.45,good,good
8.210.20.17,good,good
104.245.210.170,unknown,no_ocsp_url
91.228.166.47,unknown,cmd_output_unknown
37.220.164.100,unknown,no_ocsp_url
141.193.213.30,good,good
104.83.197.137,good,good
104.69.152.71,good,good
87.240.190.64,unknown,no_ocsp_url
192.0.66.2,unknown,no_ocsp_url
163.70.158.35,unknown,cmd_output_unknown
113.108.81.189,good,good
104.91.87.7,good,good
130.211.115.4,good,good
47.246.167.114,good,good
34.111.176.156,good,good
216.238.190.103,good,good
104.20.9.2,good,good
85.159.232.22,good,good
213.71.30.154,good,good
54.209.211.24,good,good
3.253.170.100,good,good
104.18.202.4,good,good
121.53.90.11,good,good
89.108.117.48,unknown,no_ocsp_url
204.79.197.200,good,good
23.47.111.138,good,good
151.101.2.217,good,good
103.107.103.63,good,good
141.8.197.25,unknown,no_ocsp_url
204.93.207.22,unknown,no_ocsp_url
104.18.155.119,good,good
52.209.185.164,good,good
43.132.29.159,good,good
13.235.191.202,good,good
82.148.20.137,unknown,cmd_output_unknown
104.19.173.68,unknown,no_ocsp_url
152.19.134.47,good,good
54.83.48.147,good,good
170.194.135.123,good,good
45.60.206.209,unknown,cmd_output_unknown
23.219.73.130,good,good
14.225.2.31,unknown,no_ocsp_url
216.239.36.53,unknown,no_ocsp_url
185.180.201.1,good,good
199.232.196.193,good,good
192.0.66.20,unknown,no_ocsp_url
75.2.83.248,good,good
52.77.194.240,unknown,cmd_output_unknown
47.246.165.182,good,good
34.226.36.51,good,good
122.14.229.121,good,good
150.70.232.194,good,good
184.87.110.242,good,good
176.57.64.219,unknown,no_ocsp_url
15.197.139.26,good,good
45.144.150.22,unknown,no_ocsp_url
104.16.125.63,good,good
98.87.170.205,good,good
95.213.132.124,good,good
169.150.221.116,good,good
104.16.127.24,good,good
185.34.190.18,good,good
185.147.178.11,good,good
192.0.66.16,unknown,no_ocsp_url
54.225.121.9,good,good
3.108.23.38,good,good
200.147.35.149,good,good
162.159.128.70,good,good
80.67.43.65,good,good
34.149.46.130,good,good
52.223.21.92,good,good
185.207.236.1,unknown,no_ocsp_url
98.82.142.240,good,good
204.79.197.212,good,good
104.20.1.252,good,good
182.92.251.86,good,good
107.21.218.60,unknown,cmd_output_unknown
185.17.117.32,good,good
18.246.97.211,good,good
133.237.180.69,good,good
96.47.72.84,unknown,no_ocsp_url
44.199.52.48,good,good
87.226.162.216,good,good
52.27.85.137,unknown,no_ocsp_url
72.163.4.185,unknown,cmd_output_unknown
151.101.2.168,unknown,cmd_output_unknown
45.133.44.1,good,good
20.41.4.104,good,good
13.233.161.229,good,good
31.57.182.24,unknown,no_ocsp_url
45.60.44.114,good,good
23.208.12.151,good,good
34.212.152.202,good,good
185.125.189.222,unknown,no_ocsp_url
120.26.46.230,good,good
185.73.193.119,good,good
59.111.160.244,good,good
23.203.20.183,good,good
62.45.70.135,unknown,no_ocsp_url
123.30.151.75,unknown,cmd_output_unknown
129.132.19.216,good,good
54.250.28.204,good,good
13.107.6.159,good,good
35.190.28.113,good,good
166.117.48.155,good,good
104.17.6.58,good,good
23.7.213.107,good,good
45.60.172.55,good,good
23.99.92.83,good,good
156.154.120.140,good,good
34.234.18.254,good,good
54.171.31.159,good,good
182.22.25.124,good,good
31.185.108.11,good,good
85.111.45.200,good,good
178.33.40.43,unknown,no_ocsp_url
44.215.137.99,good,good
184.87.198.166,unknown,cmd_output_unknown
3.253.171.165,good,good
34.149.221.142,good,good
52.6.60.235,good,good
87.240.132.67,good,good
195.200.222.210,good,good
152.42.129.85,good,good
23.207.192.111,good,good
219.87.28.83,good,good
35.80.172.195,good,good
185.220.161.23,good,good
103.224.182.247,unknown,no_ocsp_url
162.159.128.86,good,good
43.154.240.170,good,good
185.12.125.94,good,good
104.17.110.190,good,good
94.55.118.33,good,good
40.71.250.191,good,good
199.232.193.91,good,good
54.197.151.61,good,good
151.101.1.54,good,good
13.248.196.236,good,good
86.109.250.101,good,good
111.13.149.108,good,good
88.208.57.223,unknown,no_ocsp_url
163.53.76.86,good,good
18.214.176.153,good,good
34.140.37.23,unknown,no_ocsp_url
35.170.8.51,unknown,no_ocsp_url
104.17.123.62,good,good
40.118.6.229,good,good
172.66.136.209,good,good
34.98.64.218,good,good
163.70.158.60,unknown,cmd_output_unknown
85.10.198.55,good,good
34.93.52.48,unknown,no_ocsp_url
83.222.28.15,good,good
20.112.250.133,good,good
208.82.73.61,good,good
192.0.43.7,good,good
90.216.128.5,good,good
103.167.26.74,good,good
185.41.160.114,unknown,no_ocsp_url
104.17.30.3,good,good
140.112.172.4,unknown,no_ocsp_url
54.225.198.196,unknown,no_ocsp_url
200.160.6.133,unknown,no_ocsp_url
3.126.162.183,good,good
81.12.31.10,good,good
3.253.181.111,good,good
208.80.120.82,good,good
192.0.78.24,unknown,no_ocsp_url
18.163.234.149,good,good
51.250.102.6,good,good
67.199.248.12,good,good
151.101.129.135,good,good
3.33.200.62,good,good
43.140.1.158,good,good
23.23.253.80,good,good
193.168.47.254,unknown,cmd_output_unknown
75.2.60.5,good,good
185.65.148.196,good,good
95.163.61.31,good,good
163.43.179.80,unknown,no_ocsp_url
84.54.112.58,good,good
1.255.53.121,unknown,no_ocsp_url
186.192.83.12,unknown,no_ocsp_url
94.242.50.51,unknown,no_ocsp_url
211.249.251.46,unknown,no_ocsp_url
146.75.31.52,unknown,no_ocsp_url
52.49.51.252,good,good
62.36.229.31,good,good
210.140.139.152,good,good
91.199.212.90,good,good
190.115.31.84,unknown,no_ocsp_url
13.57.175.161,good,good
104.17.79.30,good,good
47.246.165.115,good,good
192.185.93.75,good,good
99.83.168.174,good,good
3.253.182.49,good,good
150.171.74.16,good,good
217.118.87.98,good,good
128.210.7.200,good,good
103.115.248.1,good,good
20.80.218.166,good,good
52.8.62.150,good,good
104.18.199.37,good,good
184.87.103.164,good,good
69.194.143.123,good,good
152.3.72.197,good,good
184.87.104.94,good,good
130.211.198.204,good,good
151.101.192.84,good,good
45.139.25.120,unknown,no_ocsp_url
3.33.146.110,good,good
87.240.137.164,good,good
54.155.178.5,unknown,no_ocsp_url
185.106.84.100,unknown,no_ocsp_url
35.212.43.67,unknown,no_ocsp_url
34.193.56.92,good,good
216.69.141.26,good,good
185.107.81.234,good,good
164.95.95.220,good,good
50.19.149.4,good,good
151.101.76.116,good,good
13.113.56.66,good,good
23.78.43.123,good,good
192.0.66.184,unknown,no_ocsp_url
99.83.234.45,good,good
94.75.220.1,good,good
211.45.27.231,good,good
52.14.55.5,good,good
104.16.80.73,good,good
31.222.75.112,unknown,no_ocsp_url
34.90.247.117,good,good
188.170.11.161,good,good
45.43.142.1,unknown,no_ocsp_url
185.199.108.153,good,good
88.208.22.197,good,good
104.16.86.47,unknown,no_ocsp_url
34.160.77.130,good,good
151.101.66.132,good,good
207.231.204.56,unknown,no_ocsp_url
77.222.41.15,good,good
144.196.130.69,unknown,cmd_output_unknown
34.36.60.145,good,good
104.192.140.21,good,good
52.56.83.118,unknown,no_ocsp_url
54.93.152.202,good,good
185.138.253.1,good,good
156.40.212.210,good,good
54.175.38.217,good,good
185.207.236.116,unknown,no_ocsp_url
3.214.124.111,good,good
104.109.11.129,unknown,cmd_output_unknown
128.6.46.111,good,good
162.159.136.234,good,good
23.195.109.159,good,good
54.205.177.126,good,good
47.74.181.128,good,good
47.246.167.252,good,good
104.20.6.134,good,good
3.224.207.20,good,good
104.116.243.163,good,good
151.101.129.224,good,good
185.170.207.139,good,good
139.178.84.217,unknown,no_ocsp_url
208.113.159.153,unknown,no_ocsp_url
23.195.109.181,good,good
34.235.198.240,unknown,no_ocsp_url
185.170.8.248,unknown,cmd_output_unknown
185.163.159.5,unknown,cmd_output_unknown
141.193.213.20,good,good
104.16.253.120,good,good
65.1.204.27,good,good
213.174.149.180,unknown,no_ocsp_url
193.28.44.8,good,good
85.236.99.65,good,good
54.195.43.223,good,good
104.17.107.108,good,good
15.197.200.96,good,good
3.251.41.252,good,good
104.16.151.136,good,good
54.69.127.167,good,good
82.202.225.240,good,good
106.11.253.83,good,good
75.2.119.185,good,good
34.117.152.135,good,good
193.242.192.41,good,good
63.34.30.85,good,good
104.18.96.219,good,good
45.60.65.23,good,good
151.101.194.152,unknown,no_ocsp_url
218.13.19.143,unknown,cmd_output_unknown
37.152.88.156,good,good
192.0.78.9,unknown,no_ocsp_url
34.49.221.153,good,good
20.231.239.246,good,good
194.105.56.170,good,good
85.95.169.18,unknown,no_ocsp_url
121.37.49.12,unknown,cmd_output_unknown
34.206.130.6,good,good
204.79.197.219,good,good
185.94.239.88,good,good
52.58.28.12,unknown,no_ocsp_url
178.32.127.113,unknown,no_ocsp_url
44.215.131.131,good,good
172.236.125.96,unknown,no_ocsp_url
204.144.181.151,good,good
31.216.145.5,unknown,no_ocsp_url
61.135.164.50,good,good
3.233.201.224,good,good
36.51.224.126,good,good
185.174.235.118,good,good
178.162.151.57,good,good
51.105.104.217,good,good
23.47.98.62,good,good
52.31.223.244,good,good
52.223.6.210,good,good
54.243.147.102,good,good
37.9.64.225,good,good
176.57.65.119,unknown,no_ocsp_url
151.101.193.111,good,good
184.85.124.91,good,good
46.17.206.11,good,good
60.247.168.251,good,good
184.87.103.42,good,good
193.232.150.62,good,good
34.34.105.97,unknown,no_ocsp_url
77.75.76.151,unknown,no_ocsp_url
182.162.110.253,good,good
185.73.220.204,unknown,no_ocsp_url
104.16.68.8,good,good
217.70.185.65,good,good
192.243.54.250,unknown,no_ocsp_url
194.105.131.45,good,good
54.194.7.113,good,good
199.232.26.217,good,good
91.196.124.146,good,good
141.193.213.21,good,good
185.199.111.153,good,good
54.161.29.25,good,good
151.101.64.194,good,good
54.86.126.30,good,good
3.77.159.230,good,good
151.101.2.133,good,good
172.66.132.196,good,good
47.236.227.188,good,good
23.195.108.136,good,good
52.37.236.218,good,good
195.209.108.82,good,good
13.248.132.24,good,good
172.66.135.144,good,good
34.193.173.253,good,good
193.25.220.110,good,good
75.2.8.141,good,good
193.218.202.89,unknown,no_ocsp_url
35.241.20.76,good,good
34.149.34.77,unknown,cmd_output_unknown
185.178.208.188,unknown,no_ocsp_url
52.51.253.157,good,good
18.193.32.168,good,good
138.81.35.132,good,good
203.137.167.53,good,good
98.82.161.185,good,good
23.195.110.101,good,good
54.216.158.8,good,good
87.237.217.231,good,good
18.182.110.88,good,good
167.235.118.46,good,good
15.156.104.24,good,good
3.253.168.26,good,good
64.187.150.214,good,good
192.0.66.136,unknown,no_ocsp_url
99.83.168.58,good,good
115.236.118.54,good,good
13.107.213.73,good,good
13.248.222.133,good,good
205.193.117.159,good,good
54.39.46.56,unknown,no_ocsp_url
150.171.22.11,good,good
184.31.3.98,good,good
31.177.80.4,unknown,no_ocsp_url
23.46.49.133,good,good
45.60.136.135,good,good
104.16.133.27,unknown,no_ocsp_url
151.101.66.109,good,good
178.32.127.87,unknown,no_ocsp_url
169.150.236.104,unknown,cmd_output_unknown
65.2.52.30,unknown,no_ocsp_url
130.126.157.20,unknown,no_ocsp_url
18.194.78.144,good,good
67.202.105.31,good,good
185.207.236.209,unknown,no_ocsp_url
104.18.173.119,good,good
84.201.187.176,unknown,no_ocsp_url
3.233.118.59,good,good
94.76.202.152,unknown,no_ocsp_url
216.150.1.1,unknown,no_ocsp_url
5.252.32.18,unknown,no_ocsp_url
52.20.120.110,good,good
104.18.113.47,good,good
13.248.160.137,good,good
192.0.66.114,unknown,no_ocsp_url
52.223.41.196,good,good
151.101.2.87,good,good
204.63.40.34,good,good
106.63.103.5,good,good
35.241.8.68,good,good
99.83.232.107,good,good
104.17.118.12,good,good
121.40.67.193,unknown,cmd_output_unknown
194.14.207.121,unknown,cmd_output_unknown
